Appointment ID,User Name,Breeder Name,Dog Type,Dog Age(in month),Status,Registered On
"1","晴紀 小俣","晴紀 小俣","ゴールデン・レトリーバー","20 Month 11 Days","CashBack","06-08-2015"
"2","User User","breeder breeder","ジャーマン・シェパード・ドッグ","9 Month 26 Days","Evaluated","27-06-2016"
"3","良太郎 風間","のりあき 袴田","ゴールデン・レトリーバー","10 Month 6 Days","Open","13-07-2016"
"4","User User","のりあき 袴田","ゴールデン・レトリーバー","10 Month 6 Days","Open","13-07-2016"
"5","晴紀 Jyothi","breeder breeder","ジャーマン・シェパード・ドッグ","9 Month 26 Days","Open","27-06-2016"
"6","晴紀 Jyothi","Intecons Vinayaditya","エアデール・テリア","21 Month 29 Days","Evaluated","25-06-2016"
"7","晴紀 Jyothi","Intecons Vinayaditya","シー・ズー","11 Month 1 Days","PaidCB","09-03-2016"
"8","晴紀 Jyothi","Intecons Vinayaditya","チワワ","13 Month 7 Days","Open","03-03-2016"
"9","利通 大久保","晴紀 小俣","ボクサー","7 Month 6 Days","Open","08-08-2016"
"10","利通 大久保","晴紀 小俣","ゴールデン・レトリーバー","10 Month 3 Days","Completed","03-06-2016"
"11","User User","晴紀 小俣","ボクサー","7 Month 6 Days","Open","08-08-2016"
"12","User User","breeder breeder","ビーグル","7 Month 8 Days","CashBack","08-08-2016"
"13","晴紀 Jyothi","Intecons Vinayaditya","アメリカン・エスキモー・ドッグ（スタンダード）","7 Month 5 Days","Open","17-08-2016"
"14","User User","晴紀 小俣","クランバー・スパニエル","7 Month 23 Days","Open","29-08-2016"
"15","隆盛 西郷","龍馬 坂本","ゴードン・セッター","45 Month 16 Days","Completed","07-09-2016"
"16","晴紀 小俣","Intecons Vinayaditya","アメリカン・エスキモー・ドッグ（スタンダード）","7 Month 5 Days","Open","17-08-2016"
"17","User User","breeder breeder","キースホンド","5 Month 3 Days","Open","19-09-2016"
"18","晴紀 Jyothi","Intecons Vinayaditya","ミニチュア・ピンシャー","4 Month 26 Days","Evaluated","27-09-2016"
"19","晴紀 Jyothi","Intecons Vinayaditya","ミニチュア・ピンシャー","4 Month 21 Days","Open","27-09-2016"
"20","晴紀 Jyothi","Intecons Vinayaditya","ミニチュア・ピンシャー","573 Month 8 Days","Open","27-09-2016"
"22","ISL TEST","Intecons Vinayaditya","ミニチュア・ピンシャー","4 Month 26 Days","Open","27-09-2016"
"23","User User","breeder breeder","コリー","5 Month 20 Days","Open","07-10-2016"
"24","User User","breeder breeder","クバーズ","4 Month 26 Days","Open","10-10-2016"
"26","晴紀 Jyothi","Intecons Vinayaditya","キースホンド","2 Month 26 Days","Open","21-11-2016"
"27","晴紀 Jyothi","Intecons Vinayaditya","ウェスト・ハイランド・ホワイトテリア","2 Month 27 Days","Open","29-11-2016"
"28","User User","ソミン 安","スタッフォードシャー・ブル・テリア","5 Month 3 Days","Completed","14-12-2016"
"29","User User","ソミン 安","グレート・デーン","2 Month 2 Days","Completed","14-12-2016"
"30","User User","ソミン 安","オッターハウンド","7 Month 20 Days","Open","14-12-2016"
"31","ソミン 安","大輔 宮本","ブルドッグ","1 Month 20 Days","Evaluated","28-12-2016"
"32","ソミン 安","ソミン 安","ホワイト・シェパード","13 Month 16 Days","Open","30-12-2016"
